error,count
failed to bind to local port 41794: listen udp 0.0.0.0:41794: bind: address already in use,1
"wireless network list unavailable: iwlist: exec: ""iwlist"": executable file not found in $PATH",1
aws probe failed to load data: failed to get handle for local credentials: mds unavailable,1
http/1 probe failed to read data for 192.168.50.61:49152 - http://192.168.50.61:49152/: read tcp 192.168.50.3:53682->192.168.50.61:49152: read: connection reset by peer,1
"serverinfo probe failed for http://192.168.30.20:80/server-info: Get ""http://192.168.30.20:80/server-info"": context deadline exceeded (Client.Timeout exceeded while awaiting headers)",1
"serverinfo probe failed for http://192.168.30.20:631/server-info: Get ""http://192.168.30.20:631/server-info"": context deadline exceeded (Client.Timeout exceeded while awaiting headers)",1
"failed to send to 192.168.0.19: write udp [::]:42877->192.168.0.19:0: sendto: invalid argument &net.OpError{Op:""write"", Net:""udp"", Source:(*net.UDPAddr)(0xc0065d01b0), Addr:(*net.UDPAddr)(0xc00a7340f0), Err:(*os.SyscallError)(0xc004326000)}",1
"failed to send to 192.168.0.19: write udp [::]:42877->192.168.0.19:0: sendto: invalid argument &net.OpError{Op:""write"", Net:""udp"", Source:(*net.UDPAddr)(0xc0065d01b0), Addr:(*net.UDPAddr)(0xc00aa24c00), Err:(*os.SyscallError)(0xc004326020)}",1
http/1 probe failed to read data for 192.168.30.20:631 - http://192.168.30.20:631/general/status.html: no response,1
http/1 probe failed to read data for 192.168.30.20:80 - http://192.168.30.20/general/status.html: no response,1
snmp models: 192.168.40.250:161:2c failed to walk model names on 192.168.40.250:161: failed to walk .1.3.6.1.2.1.47.1.1.1.1.13 on 192.168.40.250:161: context deadline exceeded [1m0.000242321s],1
snmp interface names: 192.168.40.250:161:1 failed to walk port index table on 192.168.40.250:161: failed to walk .1.3.6.1.2.1.31.1.1.1.1 on 192.168.40.250:161: context deadline exceeded [1m0.000131172s],1
snmp interface names: 192.168.0.32:161:1 failed to walk port index table on 192.168.0.32:161: failed to walk .1.3.6.1.2.1.31.1.1.1.1 on 192.168.0.32:161: context deadline exceeded [1m0.000397676s],1
snmp interface names: 192.168.0.21:161:2c failed to walk port index table on 192.168.0.21:161: failed to walk .1.3.6.1.2.1.31.1.1.1.1 on 192.168.0.21:161: context deadline exceeded [1m0.000070011s],1
snmp arpcache[1]: 192.168.40.28:161:1 failed to walk .1.3.6.1.2.1.4.22.1.2 on 192.168.40.28:161: context deadline exceeded [1m0.000209511s],1
snmp arpcache[1]: 192.168.40.28:161:2c failed to walk .1.3.6.1.2.1.4.22.1.2 on 192.168.40.28:161: context deadline exceeded [1m0.000607157s],1
"serverinfo probe failed for http://192.168.40.245:5985/server-info: Get ""http://192.168.40.245:5985/server-info"": EOF",1
http/1 probe failed to read data for 192.168.40.245:5985 - http://192.168.40.245:5985/: no response,1
rdp (CredSSP) unable to read for 192.168.0.234:3389 remote error: tls: internal error,1
rdp (CredSSP) unable to establish TLS connection required for CredSSP 192.168.0.244:3389 tls: first record does not look like a TLS handshake,1
"serverinfo probe failed for https://192.168.30.20:443/server-info: Get ""https://192.168.30.20:443/server-info"": context deadline exceeded (Client.Timeout exceeded while awaiting headers)",1
failed to authenticate to 192.168.0.62:443: ServerFaultCode: Cannot complete login due to an incorrect user name or password.,1
no valid credential found for 192.168.0.62:443,1
failed to authenticate to 192.168.0.61:443: ServerFaultCode: Cannot complete login due to an incorrect user name or password.,1
no valid credential found for 192.168.0.61:443,1
failed to authenticate to 192.168.0.63:443: ServerFaultCode: Cannot complete login due to an incorrect user name or password.,1
no valid credential found for 192.168.0.63:443,1
"serverinfo probe failed for https://192.168.40.74:443/server-info: Get ""https://192.168.40.74:443/server-info"": EOF",1
"serverinfo probe failed for http://192.168.40.13:80/server-info: Get ""http://192.168.40.13:80/server-info"": net/http: HTTP/1.x transport connection broken: unexpected EOF",1
snmp fdb[1]: 192.168.40.28:161:1 failed to walk .1.3.6.1.2.1.17.4.3.1.2 on 192.168.40.28:161: context deadline exceeded [1m0.000934607s],1
snmp fdb[1]: 192.168.40.28:161:2c failed to walk .1.3.6.1.2.1.17.4.3.1.2 on 192.168.40.28:161: context deadline exceeded [1m0.000171126s],1
http/1 probe skipping redirect to same URL: 192.168.0.33:80 - http://192.168.0.33:80/v1/base/cheetah_login.html,1
http/1 probe skipping redirect to same URL: 192.168.0.31:80 - http://192.168.0.31:80/v1/base/cheetah_login.html,1
failed to screenshot http://192.168.40.29:80: screenshot timeout,1
http/1 probe skipping redirect to same URL: 192.168.0.32:80 - http://192.168.0.32:80/v1/base/cheetah_login.html,1
http/1 probe skipping redirect to same URL: 192.168.0.34:80 - http://192.168.0.34:80/v1/base/cheetah_login.html,1
http/1 probe skipping redirect to same URL: 192.168.0.21:80 - http://192.168.0.21:80/base/cheetah_login.html,1
failed to screenshot http://192.168.0.21:80: screenshot timeout,1
snmp arpcache[1002]: 192.168.40.28:161:1 failed to walk .1.3.6.1.2.1.4.22.1.2 on 192.168.40.28:161: context deadline exceeded [1m0.001050223s],1
snmp arpcache[1002]: 192.168.40.28:161:2c failed to walk .1.3.6.1.2.1.4.22.1.2 on 192.168.40.28:161: context deadline exceeded [1m0.000309322s],1
snmp fdb[1002]: 192.168.40.28:161:1 failed to walk .1.3.6.1.2.1.17.4.3.1.2 on 192.168.40.28:161: context deadline exceeded [1m0.000939161s],1
snmp fdb[1002]: 192.168.40.28:161:2c failed to walk .1.3.6.1.2.1.17.4.3.1.2 on 192.168.40.28:161: context deadline exceeded [1m0.000329583s],1
snmp arpcache[1003]: 192.168.40.28:161:1 failed to walk .1.3.6.1.2.1.4.22.1.2 on 192.168.40.28:161: context deadline exceeded [1m0.000776635s],1
snmp arpcache[1003]: 192.168.40.28:161:2c failed to walk .1.3.6.1.2.1.4.22.1.2 on 192.168.40.28:161: context deadline exceeded [1m0.001060303s],1
snmp fdb[1003]: 192.168.40.28:161:1 failed to walk .1.3.6.1.2.1.17.4.3.1.2 on 192.168.40.28:161: context deadline exceeded [1m0.00105471s],1
snmp fdb[1003]: 192.168.40.28:161:2c failed to walk .1.3.6.1.2.1.17.4.3.1.2 on 192.168.40.28:161: context deadline exceeded [1m0.000296772s],1
snmp arpcache[1004]: 192.168.40.28:161:1 failed to walk .1.3.6.1.2.1.4.22.1.2 on 192.168.40.28:161: context deadline exceeded [1m0.000714435s],1
snmp arpcache[1004]: 192.168.40.28:161:2c failed to walk .1.3.6.1.2.1.4.22.1.2 on 192.168.40.28:161: context deadline exceeded [1m0.00058709s],1
snmp fdb[1004]: 192.168.40.28:161:1 failed to walk .1.3.6.1.2.1.17.4.3.1.2 on 192.168.40.28:161: context deadline exceeded [1m0.000096352s],1
snmp fdb[1004]: 192.168.40.28:161:2c failed to walk .1.3.6.1.2.1.17.4.3.1.2 on 192.168.40.28:161: context deadline exceeded [1m0.001125635s],1
snmp arpcache[1005]: 192.168.40.28:161:1 failed to walk .1.3.6.1.2.1.4.22.1.2 on 192.168.40.28:161: context deadline exceeded [1m0.000969718s],1
snmp arpcache[1005]: 192.168.40.28:161:2c failed to walk .1.3.6.1.2.1.4.22.1.2 on 192.168.40.28:161: context deadline exceeded [1m0.001184762s],1
snmp fdb[1005]: 192.168.40.28:161:1 failed to walk .1.3.6.1.2.1.17.4.3.1.2 on 192.168.40.28:161: context deadline exceeded [1m0.000400487s],1
snmp fdb[1005]: 192.168.40.28:161:2c failed to walk .1.3.6.1.2.1.17.4.3.1.2 on 192.168.40.28:161: context deadline exceeded [1m0.000314356s],1
